file,mode,csv_p50,csv_p75,csv_verdict,p50,p75,p90,n_components
dinamina_20260728_p01_full,full,16.0,30.0,OK,21.0,41.0,54.0,1557
dinamina_20260728_p02_full,full,16.0,32.0,OK,21.0,44.0,64.0,1059
dinamina_20260728_p03_full,full,17.0,19.0,MARGINAL,17.0,19.0,23.0,5248
dinamina_20260728_p04_full,full,17.0,20.0,MARGINAL,17.0,20.0,24.0,4532
dinamina_20260728_p05_full,full,17.0,20.0,MARGINAL,18.0,21.0,39.0,4099
dinamina_20260728_p06_full,full,16.0,19.0,MARGINAL,16.0,18.0,23.0,5060
dinamina_20260728_p07_full,full,14.0,17.0,MARGINAL,14.0,19.0,23.0,2721
dinamina_20260728_p08_full,full,16.0,19.0,MARGINAL,10.0,14.0,19.0,3133
dinamina_20260728_p09_full,full,16.0,18.0,MARGINAL,14.0,18.0,21.0,3250
dinamina_20260728_p10_full,full,17.0,20.0,MARGINAL,17.0,20.0,30.0,4617
dinamina_20260728_p11_full,full,17.0,21.0,MARGINAL,15.0,19.0,22.0,3645
dinamina_20260728_p12_full,full,15.0,17.0,MARGINAL,13.0,17.0,20.0,3492
dinamina_20260728_p13_full,full,17.0,20.0,MARGINAL,17.0,19.0,22.0,5125
dinamina_20260728_p14_full,full,16.0,18.0,MARGINAL,15.0,17.0,21.0,7564
dinamina_20260728_p15_full,full,17.0,21.0,MARGINAL,17.0,20.0,26.0,4249
dinamina_20260728_p16_full,full,17.0,20.0,MARGINAL,17.0,19.0,22.0,5577
dinamina_20260728_p17_full,full,17.0,20.0,MARGINAL,16.0,19.0,23.0,5318
dinamina_20260728_p18_full,full,17.0,19.0,MARGINAL,16.0,18.0,23.0,6809
dinamina_20260728_p19_full,full,16.0,19.0,MARGINAL,14.0,19.0,33.0,2666
dinamina_20260728_p20_full,full,16.0,18.0,MARGINAL,15.0,17.0,19.0,6647
dinamina_20260728_p21_full,full,16.0,18.0,MARGINAL,15.0,18.0,20.0,4907
dinamina_20260728_p22_full,full,15.0,17.0,MARGINAL,14.0,17.0,20.0,8088
dinamina_20260728_p23_full,full,15.0,27.0,OK,16.0,47.0,71.89999999999998,1052
dinamina_20260728_p24_full,full,16.0,18.0,MARGINAL,15.0,20.0,25.0,3494
dinamina_20260728_p25_full,full,17.0,19.0,MARGINAL,16.0,19.0,26.0,5376
dinamina_20260728_p26_full,full,17.0,19.0,MARGINAL,15.0,19.0,23.0,6606
dinamina_20260728_p27_full,full,16.0,19.0,MARGINAL,15.0,19.0,34.0,2044
dinamina_20260728_p28_full,full,16.0,18.0,MARGINAL,15.0,19.0,22.0,5732
dinamina_20260728_p29_full,full,15.0,18.0,MARGINAL,15.0,20.0,24.0,3635
dinamina_20260728_p30_full,full,16.0,20.0,MARGINAL,16.0,18.0,24.0,5475
dinamina_20260728_p31_full,full,17.0,30.0,OK,17.0,36.0,59.0,5469
dinamina_20260728_p32_full,full,26.0,40.2,OK,22.0,49.0,71.0,5196
dinamina_20260728_p33_full,full,17.0,20.0,MARGINAL,16.0,20.0,24.0,4648
dinamina_20260728_p34_full,full,17.0,20.0,MARGINAL,16.0,21.0,28.0,4414
dinamina_20260728_p35_full,full,17.0,20.0,MARGINAL,18.0,21.0,27.0,3761
dinamina_20260728_p36_full,full,17.0,20.0,MARGINAL,17.0,21.0,40.0,4566
dinamina_20260728_p37_full,full,17.0,21.0,MARGINAL,18.0,22.0,40.0,3667
dinamina_20260728_p38_full,full,18.0,21.0,MARGINAL,18.0,21.0,24.0,5393
dinamina_20260728_p39_full,full,18.0,21.0,MARGINAL,18.0,22.0,36.0,4056
dinamina_20260728_p40_full,full,16.0,19.0,MARGINAL,15.0,18.0,23.0,4532
dinamina_20260728_p41_full,full,16.0,19.0,MARGINAL,15.0,18.0,22.0,6833
dinamina_20260728_p42_full,full,16.0,20.0,MARGINAL,17.0,20.0,26.0,3456
dinamina_20260728_p43_full,full,18.0,21.0,MARGINAL,18.0,20.0,23.0,3335
dinamina_20260728_p44_full,full,14.0,28.0,OK,22.0,48.0,66.0,1355
dinamina_20260728_p45_full,full,17.0,19.0,MARGINAL,17.0,19.0,23.0,5761
dinamina_20260728_p46_full,full,17.0,20.0,MARGINAL,16.0,19.0,25.0,4911
dinamina_20260728_p47_full,full,17.0,21.0,MARGINAL,17.0,20.0,25.0,5059
dinamina_20260728_p48_full,full,17.0,20.0,MARGINAL,18.0,21.0,24.0,2637
dinamina_20260728_p49_full,full,18.0,21.0,MARGINAL,18.0,22.0,33.0,3695
dinamina_20260728_p50_full,full,15.0,21.0,MARGINAL,16.0,21.0,31.0,2679
dinamina_20260728_p51_full,full,17.0,22.0,MARGINAL,14.0,20.0,28.0,6167
dinamina_20260728_p52_full,full,17.0,20.0,MARGINAL,17.0,20.0,26.0,5332
dinamina_20260728_p53_full,full,17.0,21.0,MARGINAL,17.0,21.0,26.0,3648
dinamina_20260728_p54_full,full,17.0,20.0,MARGINAL,18.0,21.0,26.0,3066
dinamina_20260728_p55_full,full,17.0,21.0,MARGINAL,17.0,21.0,38.0,4559
dinamina_20260728_p56_full,full,16.0,19.0,MARGINAL,16.0,19.0,31.0,4523
dinamina_20260728_p57_full,full,17.0,20.0,MARGINAL,17.0,21.0,24.0,4146
dinamina_20260728_p58_full,full,16.0,20.0,MARGINAL,17.0,20.0,27.0,3795
dinamina_20260728_p59_full,full,17.0,21.0,MARGINAL,17.0,20.0,26.0,4904
dinamina_20260728_p60_full,full,16.0,20.0,MARGINAL,16.0,20.0,33.0,4800
dinamina_20260728_p61_full,full,16.0,19.0,MARGINAL,16.0,19.0,23.0,4598
dinamina_20260728_p62_full,full,15.0,19.0,MARGINAL,17.0,20.0,25.0,3349
dinamina_20260728_p63_full,full,17.0,19.0,MARGINAL,17.0,20.0,23.5,3896
dinamina_20260728_p64_full,full,13.0,22.0,MARGINAL,21.0,51.0,71.0,1525
dinamina_20260728_p65_full,full,14.0,18.0,MARGINAL,15.0,18.0,24.0,4393
dinamina_20260728_p66_full,full,16.0,19.0,MARGINAL,17.0,21.0,26.0,4131
dinamina_20260728_p67_full,full,17.0,20.0,MARGINAL,16.0,20.0,26.0,4600
dinamina_20260728_p68_full,full,16.0,19.0,MARGINAL,15.0,19.0,24.0,5652
dinamina_20260728_p69_full,full,17.0,20.0,MARGINAL,18.0,21.0,28.0,4276
dinamina_20260728_p70_full,full,16.0,19.0,MARGINAL,15.0,18.0,27.0,4640
dinamina_20260728_p71_full,full,18.0,19.0,MARGINAL,18.0,20.0,23.0,6395
dinamina_20260728_p72_full,full,16.0,19.0,MARGINAL,15.0,19.0,23.0,7560
dinamina_20260728_p73_full,full,17.0,20.0,MARGINAL,17.0,20.0,32.0,5838
dinamina_20260728_p74_full,full,16.0,20.0,MARGINAL,17.0,20.0,24.0,4326
dinamina_20260728_p75_full,full,14.0,19.0,MARGINAL,17.0,21.0,34.0,2773
dinamina_20260728_p76_full,full,15.0,19.0,MARGINAL,16.0,19.0,23.0,5426
dinamina_20260728_p77_full,full,15.0,20.0,MARGINAL,18.0,21.0,35.0,3490
dinamina_20260728_p78_full,full,16.0,20.0,MARGINAL,17.0,20.0,24.0,4657
dinamina_20260728_p79_full,full,16.0,20.0,MARGINAL,16.0,20.0,27.0,4094
dinamina_20260728_p80_full,full,17.0,20.0,MARGINAL,17.0,19.0,23.0,4845
dinamina_20260728_p81_full,full,16.0,20.0,MARGINAL,17.0,20.0,25.0,5392
dinamina_20260728_p82_full,full,17.0,20.0,MARGINAL,17.0,20.0,24.0,5346
dinamina_20260728_p83_full,full,15.0,20.0,MARGINAL,18.0,21.0,37.0,3405
dinamina_20260728_p84_full,full,16.0,19.0,MARGINAL,16.0,19.0,23.0,4139
lankadeepa_20260728_p01_full,full,13.0,24.0,MARGINAL,11.0,20.0,36.0,1849
lankadeepa_20260728_p02_full,full,14.0,18.0,MARGINAL,14.0,17.0,23.0,3813
lankadeepa_20260728_p03_full,full,16.0,18.0,MARGINAL,15.0,18.0,22.0,5245
lankadeepa_20260728_p04_full,full,17.0,19.0,MARGINAL,16.0,19.0,23.0,6814
lankadeepa_20260728_p05_full,full,17.0,19.0,MARGINAL,16.0,18.0,21.0,7102
lankadeepa_20260728_p06_full,full,16.0,19.0,MARGINAL,15.0,18.0,22.0,4064
lankadeepa_20260728_p07_full,full,17.0,20.0,MARGINAL,17.0,19.0,23.0,5770
lankadeepa_20260728_p08_full,full,15.0,20.0,MARGINAL,16.0,20.0,27.0,3330
lankadeepa_20260728_p09_full,full,16.0,19.0,MARGINAL,16.0,18.0,22.0,7531
lankadeepa_20260728_p10_full,full,17.0,20.0,MARGINAL,16.0,19.0,23.0,6314
lankadeepa_20260728_p11_full,full,16.0,20.0,MARGINAL,14.0,18.0,22.0,4330
lankadeepa_20260728_p12_full,full,13.0,21.0,MARGINAL,12.0,23.0,37.0,1806
lankadeepa_20260728_p13_full,full,15.0,18.0,MARGINAL,13.0,16.0,21.0,3480
lankadeepa_20260728_p14_full,full,17.0,19.0,MARGINAL,16.0,19.0,23.0,4110
lankadeepa_20260728_p15_full,full,18.0,20.0,MARGINAL,16.0,19.0,21.0,7394
lankadeepa_20260728_p16_full,full,17.0,19.0,MARGINAL,16.0,18.0,21.0,7052
lankadeepa_20260728_p17_full,full,16.0,19.0,MARGINAL,14.0,17.0,23.0,5631
lankadeepa_20260728_p18_full,full,17.0,19.0,MARGINAL,15.0,18.0,22.0,6347
lankadeepa_20260728_p19_full,full,16.0,19.0,MARGINAL,15.0,18.0,21.0,7128
lankadeepa_20260728_p20_full,full,16.0,19.0,MARGINAL,16.0,19.0,25.0,5066
lankadeepa_20260728_p21_full,full,17.0,20.0,MARGINAL,14.0,19.0,26.0,6796
lankadeepa_20260728_p22_full,full,17.0,19.0,MARGINAL,16.0,19.0,24.0,7568
lankadeepa_20260728_p23_full,full,17.0,19.0,MARGINAL,16.0,19.0,24.0,6564
dinamina_20260728_p01_half,half,19.0,22.0,MARGINAL,19.0,22.0,27.0,4327
dinamina_20260728_p02_half,half,19.0,21.0,MARGINAL,19.0,23.0,26.0,3593
dinamina_20260728_p03_half,half,16.0,21.0,MARGINAL,18.0,21.0,27.0,3125
dinamina_20260728_p04_half,half,16.0,21.0,MARGINAL,18.0,22.0,28.0,2503
dinamina_20260728_p05_half,half,19.0,23.0,MARGINAL,20.0,24.0,28.0,3552
dinamina_20260728_p06_half,half,20.0,22.0,MARGINAL,20.0,24.0,28.0,3648
dinamina_20260728_p07_half,half,18.0,23.0,MARGINAL,19.0,23.0,27.0,4318
dinamina_20260728_p08_half,half,19.0,22.0,MARGINAL,19.0,22.0,27.0,4039
dinamina_20260728_p09_half,half,19.0,22.0,MARGINAL,20.0,24.0,31.0,2851
dinamina_20260728_p10_half,half,18.0,22.0,MARGINAL,19.0,22.0,30.0,3956
dinamina_20260728_p11_half,half,19.0,22.0,MARGINAL,20.0,23.0,30.0,2701
dinamina_20260728_p12_half,half,20.0,22.0,MARGINAL,20.0,22.0,27.0,5064
dinamina_20260728_p13_half,half,19.0,22.0,MARGINAL,20.0,23.0,27.0,3741
dinamina_20260728_p14_half,half,19.0,23.0,MARGINAL,20.0,23.0,30.0,4398
dinamina_20260728_p15_half,half,19.0,22.0,MARGINAL,20.0,24.0,31.0,3733
dinamina_20260728_p16_half,half,17.0,22.0,MARGINAL,18.0,22.0,27.0,3302
dinamina_20260728_p17_half,half,21.0,24.0,MARGINAL,20.0,23.0,29.0,4037
dinamina_20260728_p18_half,half,21.0,23.0,MARGINAL,20.0,23.0,28.0,4627
dinamina_20260728_p19_half,half,19.0,22.0,MARGINAL,19.0,22.0,27.0,4865
dinamina_20260728_p20_half,half,20.0,22.0,MARGINAL,20.0,24.0,32.0,3878
dinamina_20260728_p21_half,half,19.0,22.0,MARGINAL,19.0,22.0,26.0,4665
dinamina_20260728_p22_half,half,17.0,22.0,MARGINAL,19.0,23.0,29.0,3152
dinamina_20260728_p23_half,half,19.0,22.0,MARGINAL,20.0,23.0,27.0,3568
dinamina_20260728_p24_half,half,19.0,21.0,MARGINAL,19.0,22.0,28.0,3367
dinamina_20260728_p25_half,half,17.0,21.0,MARGINAL,20.0,23.0,27.0,3127
dinamina_20260728_p26_half,half,20.0,22.0,MARGINAL,20.0,23.0,41.0,4114
dinamina_20260728_p27_half,half,19.0,22.0,MARGINAL,19.0,23.0,41.0,4241
dinamina_20260728_p28_half,half,17.0,21.0,MARGINAL,20.0,23.0,38.30000000000018,4538
dinamina_20260728_p29_half,half,17.0,21.0,MARGINAL,17.0,21.0,26.0,5194
dinamina_20260728_p30_half,half,19.0,23.0,MARGINAL,19.0,24.0,40.0,3927
dinamina_20260728_p31_half,half,18.0,22.0,MARGINAL,20.0,23.0,30.0,4098
dinamina_20260728_p32_half,half,14.0,20.0,MARGINAL,19.0,22.0,27.0,3323
dinamina_20260728_p33_half,half,15.0,21.0,MARGINAL,16.0,22.0,27.0,4336
dinamina_20260728_p34_half,half,19.0,22.0,MARGINAL,20.0,23.0,29.0,4906
dinamina_20260728_p35_half,half,18.0,22.0,MARGINAL,19.0,23.0,27.0,4720
dinamina_20260728_p36_half,half,20.0,22.0,MARGINAL,21.0,24.0,38.0,3938
dinamina_20260728_p37_half,half,20.0,22.0,MARGINAL,19.0,22.0,27.0,5282
dinamina_20260728_p38_half,half,18.0,23.0,MARGINAL,21.0,24.0,30.0,3136
dinamina_20260728_p39_half,half,18.0,21.0,MARGINAL,19.0,22.0,26.0,3946
lankadeepa_20260728_p01_half,half,13.0,18.0,MARGINAL,13.0,18.0,23.0,3747
lankadeepa_20260728_p02_half,half,15.0,20.0,MARGINAL,12.0,18.0,24.0,6229
lankadeepa_20260728_p03_half,half,18.0,21.0,MARGINAL,17.0,20.0,24.0,6586
lankadeepa_20260728_p04_half,half,18.0,20.0,MARGINAL,17.0,20.0,24.0,7087
lankadeepa_20260728_p05_half,half,18.0,21.0,MARGINAL,17.0,20.0,23.0,5967
lankadeepa_20260728_p06_half,half,18.0,21.0,MARGINAL,17.0,20.0,23.0,6874
lankadeepa_20260728_p07_half,half,16.0,22.0,MARGINAL,18.0,22.0,27.0,5155
lankadeepa_20260728_p08_half,half,17.0,22.0,MARGINAL,17.0,22.0,26.0,6125
lankadeepa_20260728_p09_half,half,17.0,21.0,MARGINAL,14.0,19.0,24.0,5408
lankadeepa_20260728_p10_half,half,15.0,20.0,MARGINAL,16.0,19.0,24.0,5224
lankadeepa_20260728_p11_half,half,14.0,19.0,MARGINAL,11.0,16.0,21.0,5428
lankadeepa_20260728_p12_half,half,15.0,20.0,MARGINAL,11.0,16.0,21.0,5780
lankadeepa_20260728_p13_half,half,18.0,20.0,MARGINAL,17.0,20.0,23.0,6824
lankadeepa_20260728_p14_half,half,18.0,21.0,MARGINAL,17.0,20.0,24.0,6423
lankadeepa_20260728_p15_half,half,18.0,21.0,MARGINAL,16.0,19.0,22.0,7606
lankadeepa_20260728_p16_half,half,18.0,20.0,MARGINAL,17.0,20.0,22.0,7240
lankadeepa_20260728_p17_half,half,18.0,22.0,MARGINAL,17.0,20.0,29.59999999999991,4465
lankadeepa_20260728_p18_half,half,18.0,23.0,MARGINAL,17.0,21.0,36.0,5772
lankadeepa_20260728_p19_half,half,14.0,20.0,MARGINAL,15.0,20.0,40.0,3797
lankadeepa_20260728_p20_half,half,11.0,18.0,MARGINAL,11.0,20.0,27.0,5727
lankadeepa_20260728_p21_half,half,15.0,23.0,MARGINAL,17.0,30.0,55.0,5417
lankadeepa_20260728_p22_half,half,17.0,25.0,OK,16.0,23.0,49.400000000000546,6037
